iteration,accuracy_of_C,recall_of_C,invocation_of_C,invocation_truly,mean_relative_error_of_A,mean_relative_error_of_A_with_C
0,0.6589333333333312,0.0,0.0,0.3410666666666656,0.3823853211146234,0.0
1,0.7109666666666643,0.36930656255809285,0.19529999999999936,0.3585999999999988,0.35361294566122425,0.08104299886856371
2,0.630399999999998,0.4781625331461513,0.3509333333333322,0.4273999999999986,0.37466458162269656,0.14363594982697947
3,0.7238666666666643,0.430933484504909,0.22739999999999924,0.35279999999999884,0.3626268353918445,0.0857140141350105
4,0.8035999999999973,0.4729511254818993,0.1818999999999994,0.26803333333333246,0.3633814668005283,0.09482349050118191
