iteration,accuracy_of_C,recall_of_C,invocation_of_C,invocation_truly,mean_relative_error_of_A,mean_relative_error_of_A_with_C
0,0.7150999999999976,0.0,0.0,0.28489999999999904,0.22778587158129598,0.011,0.723933333333331,0.0,0.0,0.27606666666666574,0.22045655059782907,0.022,0.7351666666666643,0.052268602540834215,0.018133333333333276,0.2754999999999991,0.22192557680331187,0.071390050295338853,3,0.7349333333333309,0.15863032844164734,0.06966666666666643,0.28619999999999907,0.22639753143729607,0.10359192959115624,04,0.7348333333333309,0.14164170161773348,0.06579999999999979,0.27816666666666573,0.22245317788430272,0.101549076692355,0.75,0.7277666666666642,0.16347263911336685,0.07789999999999975,0.2887333333333324,0.22669766205728314,0.10602088332466,0.76,0.7351666666666643,0.15690049332210135,0.07473333333333308,0.2770333333333324,0.21983743925006066,0.104624402104027,0.77,0.7360333333333309,0.14299516908212387,0.06689999999999978,0.2759999999999991,0.2187903489030034,0.101196161356778,0.78,0.7297666666666642,0.17929411764705672,0.0884999999999997,0.2833333333333324,0.22003820300964225,0.1073032253596229,0.9,0.7368333333333309,0.13659420289854907,0.06256666666666647,0.2759999999999991,0.22221870407134592,0.09905625738952296
